AA,Alpha
M,0.027715838
L,0.029737437
S,0.03138932
S,0.03444491
A,0.034443226
N,0.03849377
R,0.04205491
F,0.047102176
Y,0.04587878
I,0.042704973
K,0.039950278
R,0.040359076
H,0.038795214
L,0.040179584
A,0.040138166
T,0.03508117
H,0.02546387
A,0.01794229
N,0.013230707
M,0.010740713
F,0.007967233
P,0.007717181
S,0.005928267
V,0.005822371
S,0.0046414007
K,0.0034159187
N,0.0016692395
F,0.00092360657
Q,0.00043665152
T,0.000299106
K,0.00028287774
V,0.0003010896
P,0.00026874317
P,0.00027760383
Y,0.0002442014
A,0.0002278633
K,0.00025261153
L,0.00033740254
L,0.00054693
T,0.0008785516
N,0.001423047
L,0.0015075813
D,0.0014980193
K,0.0011512188
I,0.0012266854
K,0.0010718307
Q,0.0010594833
I,0.00060448464
T,0.00040912503
N,0.00028376846
N,0.00026618488
A,0.00023150955
P,0.00030398424
L,0.00026713577
T,0.00026139233
L,0.00029017898
A,0.00035023
E,0.00031254583
K,0.00037200697
I,0.0004953268
L,0.0005205585
Y,0.0004715851
S,0.00035742717
H,0.00025830232
L,0.00019281612
C,0.00021028824
D,0.00022562883
P,0.00023671966
E,0.0002657957
E,0.0002753009
S,0.00036618314
I,0.0004119942
T,0.00044811968
S,0.00045066533
S,0.0005978881
D,0.00067902735
L,0.0009977476
S,0.0011135491
T,0.000973212
I,0.0007734593
R,0.0006335986
G,0.00064011273
N,0.00070203625
K,0.00076837826
Y,0.0008266719
L,0.0008044135
K,0.00067428726
L,0.0007628531
N,0.00074949715
P,0.0004250505
D,0.00021772124
R,0.0001414642
V,7.906169e-05
A,7.889553e-05
M,0.000103757775
Q,9.101805e-05
D,7.4133306e-05
A,7.053488e-05
S,7.7598525e-05
A,6.9646594e-05
Q,8.729686e-05
M,0.00013078736
A,0.00020639692
L,0.0002792964
L,0.000412249
Q,0.00045952044
F,0.0005949147
M,0.00079858257
T,0.0009765247
T,0.0011646281
G,0.0012508885
L,0.00081369636
N,0.0006125012
Q,0.000408809
T,0.0002704647
S,0.00014579711
V,0.00012467998
P,0.000107397325
A,0.000106157575
S,9.717008e-05
I,0.00011231583
H,0.00010922684
C,0.000103262115
D,7.973433e-05
H,5.5063312e-05
L,4.7887665e-05
I,5.2323136e-05
V,8.261628e-05
G,0.0001817427
K,0.00035383558
D,0.0005590882
G,0.0007305177
E,0.0006466591
T,0.00044824262
K,0.00031917923
D,0.00032225653
L,0.0003127739
P,0.00037038952
S,0.00029605476
S,0.00025208204
I,0.00021498596
A,0.0002058537
T,0.00023124141
N,0.00033769963
Q,0.00028041453
E,0.00017603545
V,0.00016633281
F,0.00020467512
D,0.0002745949
F,0.00048011556
L,0.00057694153
E,0.0006128409
S,0.00075881137
C,0.0010094693
A,0.00072776247
K,0.00046416005
R,0.00025348546
Y,0.00014669914
G,0.00012042597
I,0.00014408644
Q,0.00016181076
F,0.0001302086
W,0.00015988333
G,0.00015955542
P,0.00015082349
G,0.000121351935
S,0.00010981378
G,8.26614e-05
I,9.4698386e-05
I,8.588913e-05
H,6.544468e-05
Q,5.552814e-05
I,5.404841e-05
V,5.6140212e-05
L,6.660158e-05
E,8.956675e-05
N,0.0001116987
F,0.00010364659
S,0.00011809509
A,8.597998e-05
P,6.5545166e-05
G,5.4363052e-05
L,6.3955275e-05
M,8.040519e-05
M,9.651976e-05
L,0.00016217786
G,0.00015792366
T,0.00013233068
D,8.357077e-05
S,5.6330326e-05
H,3.389317e-05
T,4.0324318e-05
P,4.435189e-05
N,4.4075718e-05
A,4.875287e-05
G,4.7525435e-05
G,6.311302e-05
L,8.6802575e-05
G,0.0001353983
A,0.00018185971
I,0.00024873173
A,0.00030269564
I,0.00031786345
G,0.0002930086
V,0.00022318306
G,0.00019549609
G,0.00023913801
A,0.0002607603
D,0.00023819297
A,0.00030942878
V,0.0002712751
D,0.00018471878
A,0.00022283311
L,0.00016992721
T,0.00013699611
G,0.00013449947
T,0.00019073066
P,0.0002300069
W,0.0003888027
E,0.00045305127
L,0.0004967765
K,0.00048604258
A,0.0005217733
P,0.00045599104
K,0.0003671338
I,0.0004557129
L,0.00036528567
G,0.00037307126
V,0.00040293622
K,0.00041897735
L,0.00024702196
T,0.00024312008
G,0.0001645038
K,0.00014460884
L,0.00010041776
N,0.000109918896
G,8.383271e-05
W,6.924764e-05
S,6.421021e-05
T,6.71074e-05
P,6.5657114e-05
K,7.1714945e-05
D,7.300315e-05
V,8.97954e-05
I,0.00012100438
T,0.00016774617
K,0.00025765927
L,0.00041209479
A,0.0003866017
G,0.00036152563
L,0.00030153742
L,0.00021830531
T,0.00013348449
V,8.592876e-05
R,4.3325814e-05
G,2.44189e-05
G,1.6318458e-05
T,1.563753e-05
G,1.6683667e-05
Y,1.7554374e-05
I,1.8809746e-05
V,2.1058075e-05
E,2.2938313e-05
Y,2.2221295e-05
F,2.5847641e-05
G,1.9285819e-05
E,1.7123282e-05
G,1.4707104e-05
V,1.629022e-05
S,1.7183787e-05
T,2.5897627e-05
L,3.3491397e-05
S,3.7889007e-05
C,3.751534e-05
T,3.5216923e-05
G,2.9230103e-05
M,3.280968e-05
A,3.8165002e-05
T,5.909038e-05
I,7.275786e-05
C,7.410441e-05
N,5.2067782e-05
M,4.215588e-05
G,3.7010184e-05
A,4.641747e-05
E,4.3494645e-05
I,4.0462783e-05
G,2.8168317e-05
A,2.3686162e-05
T,2.295734e-05
T,2.3732588e-05
S,1.9236411e-05
T,1.7258126e-05
F,1.3540908e-05
P,1.2543641e-05
Y,1.4378662e-05
Q,1.4322714e-05
E,1.5983233e-05
A,1.618145e-05
H,1.5272677e-05
K,1.1958912e-05
R,1.1177003e-05
Y,1.5057201e-05
L,1.9090183e-05
Q,2.514013e-05
A,2.9436907e-05
T,2.903826e-05
N,2.513515e-05
R,3.1812175e-05
A,3.067012e-05
E,3.5417255e-05
V,4.1756863e-05
A,4.2884752e-05
E,4.61607e-05
A,7.407352e-05
A,8.6793225e-05
D,9.2420145e-05
V,0.0001522143
A,0.00019880231
L,0.00015171412
N,0.00012856217
K,9.381083e-05
F,5.0702365e-05
N,3.861245e-05
F,3.8573184e-05
L,6.091479e-05
R,8.238428e-05
A,0.0001205937
D,0.00014695489
K,0.0001385987
D,8.244471e-05
A,6.244343e-05
Q,4.577919e-05
Y,4.9117e-05
D,5.892404e-05
K,7.8951096e-05
V,0.00012103584
I,0.00019561115
E,0.00027672495
I,0.00032584314
D,0.00044832114
L,0.00037457072
S,0.00029853705
A,0.00020118193
I,0.00012269549
E,6.041694e-05
P,4.900296e-05
H,4.6213176e-05
V,4.9569946e-05
N,4.8626734e-05
G,4.5936944e-05
P,3.637668e-05
F,3.304934e-05
T,3.218582e-05
P,3.4391764e-05
D,3.2074564e-05
L,5.3614505e-05
S,6.782195e-05
T,7.971704e-05
P,9.04423e-05
I,7.710158e-05
S,5.4278e-05
Q,6.357224e-05
Y,7.993972e-05
A,7.278733e-05
E,8.6783795e-05
K,7.608929e-05
S,7.236202e-05
L,8.222773e-05
K,8.547827e-05
E,7.433115e-05
N,6.709986e-05
W,5.3367385e-05
P,4.4360786e-05
Q,4.9097198e-05
K,5.6375833e-05
V,7.267589e-05
S,0.00011194414
A,0.00015801817
G,0.00016670208
L,0.00022795066
I,0.00021026966
G,0.00016915245
S,0.00015274991
C,0.00013256854
T,8.016394e-05
N,6.326573e-05
S,4.8494785e-05
S,3.3331755e-05
Y,3.6505862e-05
Q,3.215036e-05
D,3.526067e-05
M,3.3506334e-05
S,3.357072e-05
R,2.9481578e-05
V,4.8258484e-05
V,6.15911e-05
D,9.7352626e-05
L,0.00012188286
V,0.00015477564
K,0.00013459851
Q,0.0001572492
A,0.00016003959
S,0.00017899774
K,0.00015871062
A,0.00018369609
G,0.00015982937
L,0.00012406583
K,0.00010002872
P,0.00011291686
R,0.000104078346
I,0.00013785246
P,0.0001286208
F,0.00010612479
F,6.651901e-05
V,7.471168e-05
T,5.797086e-05
P,5.490588e-05
G,5.0453622e-05
S,4.0820767e-05
E,2.6811189e-05
Q,2.6145677e-05
I,2.7788381e-05
R,3.5515994e-05
A,4.9347345e-05
T,6.482384e-05
L,5.6322642e-05
E,4.855515e-05
R,4.3498407e-05
D,4.265179e-05
G,3.7381495e-05
I,5.9975002e-05
I,5.9981645e-05
D,6.935242e-05
I,9.418744e-05
F,0.00011271135
Q,0.000120558194
E,0.00013097077
N,9.754602e-05
G,6.959255e-05
A,6.4022846e-05
K,5.0609455e-05
V,5.335609e-05
L,4.4637603e-05
A,5.1811694e-05
N,9.394077e-05
A,0.000111580826
C,0.00012523321
G,0.00017010845
P,9.506471e-05
C,4.5717712e-05
I,3.9760253e-05
G,3.069581e-05
Q,3.1707186e-05
W,4.5024124e-05
N,5.933326e-05
R,7.057954e-05
E,8.628725e-05
D,7.9735015e-05
V,0.00010350861
S,0.00015050106
K,0.00017446656
T,0.00017248618
S,0.00019855746
K,0.00019284272
E,0.000121956975
T,0.00010952361
N,0.000104212726
T,9.994884e-05
I,0.00010555538
F,0.00013877402
T,0.00011803799
S,8.9828674e-05
F,5.8758113e-05
N,3.8071183e-05
R,2.9013356e-05
N,3.0402725e-05
F,3.8058228e-05
R,3.4086956e-05
A,2.4790172e-05
R,2.2895814e-05
N,2.143017e-05
D,2.7472173e-05
G,5.1551684e-05
N,7.6298755e-05
R,7.433716e-05
N,9.761958e-05
T,8.581655e-05
M,7.881309e-05
N,7.25625e-05
F,7.828455e-05
L,6.48222e-05
T,6.497544e-05
S,8.031905e-05
P,7.796657e-05
E,6.2713305e-05
I,6.532106e-05
V,6.473045e-05
T,5.593948e-05
A,7.844401e-05
M,8.717957e-05
S,6.8641326e-05
Y,4.546892e-05
S,3.331356e-05
G,2.2892653e-05
D,2.174187e-05
A,2.6949292e-05
Q,3.2642736e-05
F,4.2453506e-05
N,5.2964275e-05
P,6.927707e-05
L,6.98937e-05
T,0.000113458096
D,9.552829e-05
S,0.00012627272
I,0.00016398882
K,0.00033500415
L,0.00034179093
P,0.00047543328
N,0.00040168088
G,0.00037327508
K,0.00023078534
D,0.00018836645
F,0.0001288386
K,0.00010544306
F,9.898597e-05
Q,0.00014699418
P,0.00021839359
P,0.00024778052
K,0.00019080122
G,0.0001365193
D,7.823007e-05
E,6.856312e-05
L,8.0478196e-05
P,9.535817e-05
K,9.628058e-05
R,0.00010038443
G,6.9400056e-05
F,7.199886e-05
E,6.588033e-05
H,6.487491e-05
G,7.4844786e-05
R,7.770587e-05
D,6.643915e-05
K,6.235039e-05
F,7.378159e-05
Y,5.875804e-05
P,6.0771563e-05
E,6.498174e-05
M,8.7100045e-05
D,9.471235e-05
P,0.00018877744
K,0.00025258472
P,0.00045258048
D,0.0006605889
S,0.00080301316
N,0.0007367689
V,0.00053879735
E,0.0002695494
I,0.0001652556
K,0.00014815926
V,0.00018725966
D,0.00029344045
P,0.00035395904
N,0.00037497142
S,0.0002818904
D,0.00015642184
R,9.7989025e-05
L,7.8685654e-05
Q,5.4907177e-05
L,5.0033992e-05
L,5.9303165e-05
E,6.9780166e-05
P,9.9007324e-05
F,0.00014325888
K,0.0001806382
P,0.00021342016
W,0.00022740797
N,0.0002618788
G,0.0002755507
K,0.00021536728
E,0.00018995914
L,0.00016259214
K,0.00015035637
T,0.00019529209
N,0.00022465536
V,0.00019578988
L,0.00017504753
L,0.00013910336
K,0.0002076169
V,0.00043865896
E,0.000478495
G,0.00039247586
K,0.00025620527
C,0.00015068185
T,0.00010796407
T,0.00010411191
D,6.5275635e-05
H,4.2677082e-05
I,3.32035e-05
S,3.079419e-05
A,3.0517072e-05
A,3.631404e-05
G,6.2455154e-05
V,8.318229e-05
W,9.901859e-05
L,0.00010236572
K,8.373646e-05
Y,4.4093715e-05
K,3.5111338e-05
G,3.1785163e-05
H,3.3480865e-05
L,2.9468376e-05
E,2.7883487e-05
N,3.062331e-05
I,3.485586e-05
S,3.5536596e-05
Y,4.1938456e-05
N,3.9778628e-05
T,3.294076e-05
L,2.7505273e-05
I,3.3107088e-05
G,4.7038073e-05
A,8.019676e-05
Q,0.00013017627
N,0.000239978
K,0.0003326136
E,0.00024907844
T,0.00016979639
G,0.0001289292
E,8.219291e-05
V,9.445944e-05
N,0.00010964897
K,0.00013524723
A,0.00024778998
Y,0.0004606496
D,0.00046949522
L,0.00036334223
D,0.00023846676
G,0.000106489824
T,9.312403e-05
E,9.284013e-05
Y,8.5105414e-05
D,5.8312853e-05
I,6.666129e-05
P,5.714572e-05
G,7.229844e-05
L,8.130916e-05
M,6.985556e-05
M,7.0877824e-05
K,7.3438605e-05
W,7.445174e-05
K,8.989788e-05
S,7.162507e-05
D,4.049652e-05
G,2.7827748e-05
R,2.59267e-05
P,2.8894267e-05
W,4.8474856e-05
T,5.8053392e-05
V,0.00010343043
I,0.00013900465
A,0.00020361222
E,0.00016427373
H,0.00012114832
N,9.457337e-05
Y,9.863224e-05
G,9.229204e-05
E,0.00015559253
G,0.00012531836
S,6.746724e-05
A,7.1207425e-05
R,9.236341e-05
E,6.521483e-05
H,7.504405e-05
A,9.4212184e-05
A,0.00010209979
L,0.00013243307
S,0.00016637676
P,0.00015865837
R,0.0001285044
F,9.124674e-05
L,6.704938e-05
G,6.701875e-05
G,6.348188e-05
E,7.9671125e-05
I,9.418121e-05
L,9.598329e-05
L,9.64796e-05
V,0.00011350542
K,0.000108349195
S,0.00010098169
F,7.101187e-05
A,3.2985925e-05
R,2.859067e-05
I,3.7811333e-05
H,6.060177e-05
E,7.016566e-05
T,7.773177e-05
N,6.399208e-05
L,6.105507e-05
K,5.6853558e-05
K,5.8051806e-05
Q,5.3650572e-05
G,4.8994913e-05
V,7.397875e-05
L,7.820529e-05
P,7.06352e-05
L,5.4206717e-05
T,4.9657527e-05
F,3.7985326e-05
A,6.199348e-05
N,9.577157e-05
E,0.00012724826
S,0.00016275168
D,0.00027639675
Y,0.00027823067
D,0.00023801015
K,0.00024825425
I,0.00021705274
S,0.00011120123
S,8.365919e-05
G,8.12661e-05
D,5.4512548e-05
V,4.9980918e-05
L,5.750116e-05
E,4.8886846e-05
T,5.0089904e-05
L,7.285768e-05
N,9.108966e-05
L,0.00010713302
V,0.00013273365
D,0.00014012695
M,0.00015126639
I,0.00015222606
A,0.00015865448
K,0.00012602551
D,0.00013144714
G,0.0001661389
N,0.00017930477
N,0.00018527002
G,0.00023384804
G,0.0002381923
E,0.00038352367
I,0.0005373563
D,0.0005105308
V,0.0004486801
K,0.00051006716
I,0.00030591464
T,0.00036480563
K,0.0003793955
P,0.00026499658
N,0.00021258833
G,0.00030078142
E,0.0003740457
S,0.00062902103
F,0.0011112917
T,0.001151433
I,0.00097553525
K,0.00058217894
A,0.0002612395
K,0.00013771244
H,9.349631e-05
T,0.00010249096
M,0.000109259934
S,0.00015425768
K,0.0001864592
D,0.00017408408
Q,0.00020731204
I,0.00024748515
D,0.00019495659
F,0.00018161155
F,0.00021699649
K,0.00012431217
A,0.00011585725
G,0.0001716648
S,0.00020440559
A,0.00025728316
I,0.00039343582
N,0.00043943172
Y,0.0004992837
I,0.00075864507
G,0.0012981512
N,0.002337492
I,0.0039355457
R,0.0070515084
R,0.01754206
N,0.037572104
E,0.07606924
